date,ai_nav,index_nav,tree_nav,ai_ret,index_ret,tree_ret,turnover
2023-01-02,1.046688730867039,1.0052335564834922,0.9726209335434848,0.04668873086703899,0.005233556483492124,-0.02737906645651526,0.18261129814721322
2023-01-03,1.0714573578605082,0.9902007575561481,0.9936061038029683,0.023663794462515892,-0.014954533531423151,0.021575898210446438,0.30759502737463607
2023-01-04,1.0859643026042496,0.9844828950503582,1.0048738755471633,0.0135394513251642,-0.00577444771896738,0.01134028031940255,0.3975809743896612
2023-01-05,1.0649714826525065,0.991247274368115,1.0259338318355447,-0.019331040533653195,0.0068709973040322865,0.020957810528126192,0.27431184356469784
2023-01-06,1.0821210885254664,1.0088979286535376,1.0045451156820568,0.01610334750959305,0.017806509779988267,-0.02084804642344267,0.3834079538837426
2023-01-09,1.0888767222451152,1.006743637610828,0.9994937624789486,0.006242955424567271,-0.0021352913724232395,-0.005028498097547926,0.23027526978594381
2023-01-10,1.133353765362364,0.9920231454066992,0.9861642056829987,0.040846720485991556,-0.01462188749368513,-0.01333630813552044,0.2690226681586991
2023-01-11,1.14705408929099,1.0089419605895082,0.9808299678913222,0.012088303182409683,0.017054859315679342,-0.005409076663842364,0.4380418174443048
2023-01-12,1.1292578436638758,1.0060995152270023,0.9736828859525762,-0.015514739708669038,-0.0028172535919165406,-0.007286769544889939,0.14313140086364576
2023-01-13,1.1415846360038955,1.0049433469358997,0.9530456640757117,0.010915835040848858,-0.0011491589784154007,-0.02119501346341798,0.14022167905862126
2023-01-16,1.132592324913862,0.9825700919396693,0.9136429743597184,-0.007877042845908356,-0.022263200273375725,-0.041343968291600135,0.3310660988842382
2023-01-17,1.1514912153881798,0.9983160525318372,0.9433631314644334,0.01668640168098893,0.0160252797447601,0.0325292898197382,0.3507938029389772
2023-01-18,1.121737939890552,1.0077554932692068,0.918865439814539,-0.02583890793087609,0.00945536307207524,-0.025968464139429808,0.357945598292077
2023-01-19,1.1720824133716679,1.0215673672113461,0.914333819471963,0.04488077980675933,0.013705580405553365,-0.004931756213935549,0.14303743136911995
2023-01-20,1.1567684553016384,1.0078868689876714,0.9054934993659951,-0.013065598370319955,-0.013391675050290052,-0.009668591402506824,0.17602014078267755
2023-01-23,1.17054701197658,0.9791003528558426,0.8838907336216952,0.011911248626976527,-0.02856125723787055,-0.02385744984301442,0.1561916293013443
2023-01-24,1.1580969512708583,0.9872838602281201,0.8787194791476581,-0.010636104811115961,0.008358190606721595,-0.005850558533234244,0.3606830177307696
2023-01-25,1.159696504845337,1.0086711626656342,0.8929290029854989,0.0013811914216020442,0.021662769239003326,0.016170716793058645,0.33013987972838826
2023-01-26,1.164708859506846,1.0006628167831255,0.882519101723254,0.004322126211958854,-0.007939501176324758,-0.011658151126729686,0.2346631116353633
2023-01-27,1.1675430935276714,0.9756838837474544,0.862699351289422,0.002433427030017979,-0.024962387546258537,-0.022458154611192906,0.18270515477808005
2023-01-30,1.1428242544936758,0.9538701738470283,0.8637750652194379,-0.021171671667645966,-0.02235735391738037,0.0012469163543569351,0.285894883501053
2023-01-31,1.1187520741606298,0.942161683127721,0.8173559907975997,-0.021063763950049243,-0.012274721487606787,-0.053739771256357816,0.350764782172126
2023-02-01,1.1256067808279213,0.945486537613134,0.8489514811676974,0.00612710074520711,0.0035289638126392944,0.03865572740130748,0.19334045920520823
2023-02-02,1.1548823409604116,0.9404905375154664,0.8429776203798115,0.026008692050484353,-0.005284052071518463,-0.007036751711262858,0.4280201561824929
2023-02-03,1.1419386711295703,0.9159149902201446,0.845565156359804,-0.011207782275099287,-0.0261305630572787,0.0030695191870297,0.20550072807903125
2023-02-06,1.1558983148440192,0.9405050958716202,0.8785097999337208,0.012224512635727276,0.026847585107833305,0.03896168536052854,0.35618240509542587
2023-02-07,1.1318763924017574,0.9138244277885182,0.8553482553892696,-0.020782037774233944,-0.028368446061821043,-0.026364583008861762,0.3634822044640377
2023-02-08,1.1494361146109668,0.9015159898641942,0.8634987475329526,0.015513816108443532,-0.013469149598146263,0.009528858090642538,0.3394494293701928
2023-02-09,1.1750045031486487,0.9247381265030707,0.8544268542492376,0.02224428849300208,0.02575898475452962,-0.010505971560044264,0.37147227557526835
2023-02-10,1.2250014948582293,0.9135827727375574,0.8395506115340747,0.042550468168933875,-0.01206325709495487,-0.017410785535567273,0.30289176889881597
2023-02-13,1.241125046926003,0.924683931877099,0.8446008950923238,0.013162067259060356,0.012151235192709336,0.006015460520028707,0.4246638013839218
2023-02-14,1.2565191608285848,0.9300546097638426,0.8256730067148036,0.01240335447319346,0.005808122864037694,-0.022410452661728673,0.2044620966971699
2023-02-15,1.2303847967891428,0.926520534452361,0.8441717910569496,-0.020799017519325693,-0.003799857851765206,0.022404492083069435,0.2963381406356407
2023-02-16,1.2296377726069636,0.930183394902832,0.8397171951494442,-0.0006071467919049414,0.003953350534897711,-0.005276883158969305,0.2444342027588166
2023-02-17,1.227187982481321,0.9375427262759607,0.87217858637787,-0.0019922860050473625,0.007911699363217922,0.038657528291591865,0.1468530634459884
2023-02-20,1.2757594685257032,0.9147063999716892,0.9076473965214967,0.039579499422878084,-0.024357637965984058,0.04066691237046705,0.3730750940775108
2023-02-21,1.2706128446427467,0.8853235405968063,0.8997743911953391,-0.00403416475435136,-0.03212272197482421,-0.008674079115227388,0.26447844207722304
2023-02-22,1.2744499154090074,0.8677036051517829,0.8908091259381395,0.0030198583167476245,-0.01990225565802262,-0.009963903557300952,0.13442327891471395
2023-02-23,1.2872807205405898,0.8873669850018824,0.8477554359134336,0.01006772017985859,0.022661401581545504,-0.048330993443028214,0.3119948586633389
2023-02-24,1.2556871221519526,0.8898390334925842,0.8438417588612841,-0.024542897197566766,0.0027858242784371233,-0.0046165166112236,0.3819342075880098
2023-02-27,1.2725630335712124,0.8980904389746681,0.8209717906683909,0.01343958309482272,0.00927291922641045,-0.027102200089925466,0.1786184281841976
2023-02-28,1.257188517874381,0.8861044181692498,0.8157461763371817,-0.012081535681329492,-0.013346117813148676,-0.006365156989078455,0.3433148693911064
2023-03-01,1.237991945178813,0.8825458687469544,0.8196939033870584,-0.015269446405718787,-0.004015948176454895,0.004839406134396592,0.3980838056475549
2023-03-02,1.230850720225273,0.893316813296232,0.8042226509684569,-0.005768393713182474,0.012204401981474653,-0.018874426605678986,0.28080974389803254
2023-03-03,1.2501163740793337,0.8705935174640779,0.8229357166599935,0.015652307414285593,-0.02543699558089353,0.023268513600061005,0.3777791177820689
2023-03-06,1.2539692337169466,0.8718131462720559,0.7998417598834726,0.0030820007780879045,0.0014009164822759211,-0.02806289277399603,0.24660175921356692
2023-03-07,1.2569562972911659,0.8823406863461936,0.8175642780755337,0.0023820868119429537,0.012075454607623505,0.022157530502837117,0.4376983750205499
2023-03-08,1.2416372437333472,0.8736152797670619,0.8191191661372896,-0.012187419396229153,-0.009888931468482923,0.0019018542070061426,0.4486313417920872
2023-03-09,1.2276237374161423,0.8730029375308705,0.8255940300385858,-0.011286312800241966,-0.0007009289447806025,0.007904666584508873,0.15861053779143605
2023-03-10,1.247885376103436,0.854634808228508,0.8399105507993111,0.01650476287623732,-0.02104016895328371,0.0173408724383051,0.16969100847832158
2023-03-13,1.263019801719515,0.8678279593222926,0.8351083320439339,0.012128057517058487,0.015437179678103036,-0.005717535933805268,0.14462706038581863
2023-03-14,1.2391959302687818,0.8763969275457901,0.8206193632406181,-0.018862627029519557,0.009874040276588081,-0.017349807500847192,0.3132369385146768
2023-03-15,1.251099364406227,0.8911181789915267,0.8240052340835771,0.00960577245832555,0.01679747039616072,0.004125994333826276,0.2718816145104864
2023-03-16,1.2575397264250299,0.9201114501157628,0.8211007301292412,0.005147762201813209,0.032535831731148816,-0.003524861049658323,0.3886081908559813
2023-03-17,1.2676224145816544,0.9343833043790191,0.8521665210989139,0.008017788976963772,0.015511006043301296,0.03783432388957061,0.35503500389777864
2023-03-20,1.2500983328893833,0.9432818254380879,0.8527171207519179,-0.01382437032564974,0.009523416158407077,0.0006461174422739989,0.31921580638289193
2023-03-21,1.2320187725030778,0.9508570454537653,0.8531226573085059,-0.014462510596680685,0.008030707060595908,0.00047558158118192527,0.23659846884870334
2023-03-22,1.2546943988649921,0.9496088343405816,0.8393816799221511,0.01840526042946927,-0.0013127221585532757,-0.01610668438897858,0.40038193812494727
2023-03-23,1.272051282215613,0.9528195332235349,0.8189560701623247,0.013833554502452708,0.003381075203647118,-0.024334114322962907,0.2830212577874105
2023-03-24,1.2855311645402332,0.9219385628849959,0.7869201228799667,0.010596964535220094,-0.03241009368695863,-0.03911802897560577,0.15743093363512164
2023-03-27,1.269135318521696,0.9305228846275836,0.7807483321409949,-0.012754141222551486,0.009311164635228025,-0.007842969774853728,0.2901005825711088
2023-03-28,1.2524733644259944,0.9322209115857386,0.7793014276085727,-0.01312858751351249,0.001824809455207196,-0.0018532278236887353,0.13626776669059484
2023-03-29,1.2453322865408027,0.93089965360186,0.7896745469098652,-0.005701580638774212,-0.0014173228335236003,0.01331079211945529,0.354706522014655
2023-03-30,1.2162779738967309,0.9261730189803716,0.8112281076933026,-0.02333057044941546,-0.005077491009047003,0.027294232627580815,0.3172997791536548
2023-03-31,1.2208779128029839,0.9353058880007205,0.8205064532241091,0.003781979946176122,0.009860867066072858,0.011437406375364861,0.1804596199403853
2023-04-03,1.2454176148918472,0.9323204635152176,0.805065738505326,0.020100045902643145,-0.0031919231171359964,-0.01881851709771456,0.2694097213721661
2023-04-04,1.2335718853001902,0.9407988573325354,0.809095259728428,-0.009511451781325328,0.009093862195570467,0.005005207687241952,0.4429669691769116
2023-04-05,1.2374808224129719,0.9365861563997206,0.8001622014883493,0.0031687955597581976,-0.004477791294048938,-0.011040799130472111,0.4097600059354764
2023-04-06,1.235623817241941,0.9339594718853088,0.8049287061393351,-0.0015006334945943055,-0.002804530577847634,0.005956923036504157,0.21129511684590632
2023-04-07,1.2577683370184962,0.9318715086797017,0.8300645472274503,0.017921732705011014,-0.002235603651400703,0.031227412932846955,0.25563194078859064
2023-04-10,1.261141098526686,0.9305516920517519,0.8193451587453945,0.0026815442947028707,-0.0014163075227181475,-0.012913921595447391,0.31018815420630075
2023-04-11,1.245609941375581,0.9270011114243634,0.8232763246779103,-0.01231516217277288,-0.00381556517248382,0.004797936364859105,0.22197505544497775
2023-04-12,1.194883624616981,0.9370005123398004,0.8191323261160633,-0.04072407827973894,0.010786827321137237,-0.005033545162941846,0.2143130808153007
2023-04-13,1.1834921694026654,0.9418017310992521,0.8145471876356984,-0.00953352693068078,0.005124030025834926,-0.005597555284022886,0.17348853165290454
2023-04-14,1.2052044525752705,0.9401014562065507,0.8082722710754989,0.018345945781427314,-0.001805342713393491,-0.007703564207757039,0.385522995131266
2023-04-17,1.1752825727044771,0.9343037849756369,0.7959573190695945,-0.0248272231378307,-0.006167069727035904,-0.015236143124788711,0.12277356782064817
2023-04-18,1.138275023774809,0.9313081913868938,0.7915971832129917,-0.03148821380419944,-0.0032062308179788062,-0.00547785132712827,0.4469725004874946
2023-04-19,1.1415429717021381,0.9300446412032999,0.8033855783553739,0.002870965152597093,-0.0013567476322872717,0.014891911432194245,0.14917718108501654
2023-04-20,1.1409504961553247,0.9368106397132603,0.8112964141124263,-0.0005190129162900069,0.007274918009533946,0.00984687299621019,0.2851561652802699
2023-04-21,1.1154526256683388,0.9431191776879386,0.8174439884233826,-0.022347920065687636,0.006734058845242379,0.007577470088638157,0.4119633564101423
2023-04-24,1.1376085163336724,0.9578235166338374,0.7769766883045541,0.01986269085346283,0.015591177969624762,-0.049504676396089735,0.33008912945443786
2023-04-25,1.124563982866634,0.971360164807934,0.787846367598431,-0.011466627824727326,0.014132716454561073,0.013989710962365672,0.22982443677668585
2023-04-26,1.168678150243695,1.000668763211297,0.79240448009408,0.0392277967720514,0.030172740725020474,0.005785534697003683,0.4061689843709324
2023-04-27,1.177441119011969,0.9884852670058139,0.7800749315492627,0.007498188244938725,-0.012175353776792732,-0.015559665366043208,0.13624244768836644
2023-04-28,1.1546865366890546,0.9874142499707114,0.7711534493287369,-0.019325452420082354,-0.0010834931696520774,-0.011436699039677251,0.18667255416503897
2023-05-01,1.1444981184378058,1.0064250031684314,0.7689574622178323,-0.008823536022566764,0.01925306749247725,-0.002847665549335374,0.2600131928551855
2023-05-02,1.147517134656076,0.9939650260436408,0.7559772436951345,0.0026378516221512004,-0.012380432804793298,-0.01688028162866153,0.37328067573249724
2023-05-03,1.1662503720564532,1.0103851472309313,0.765175828257726,0.01632501758328148,0.01651981785782625,0.012167806159918068,0.3940106341162629
2023-05-04,1.1740777773404676,1.0002737694700028,0.7445226544891763,0.006711599388570592,-0.010007448930380402,-0.026991409040685654,0.22903970552445385
2023-05-05,1.1687885042788582,0.99684943277927,0.7144374957774382,-0.004505044864736959,-0.0034233994684746464,-0.04040865449874026,0.16050705716637012
2023-05-08,1.1682822253154133,0.9794247765771372,0.7076212697249589,-0.0004331655912010154,-0.017479727257858586,-0.009540689133430846,0.15785048346280198
2023-05-09,1.1554854517477366,0.9749702478077027,0.7351075959166571,-0.010953495046303285,-0.004548107088940592,0.03884327304404209,0.41223167515570475
2023-05-10,1.1538572848639528,0.9850727425634529,0.723366733801923,-0.001409076056579607,0.010361849275366621,-0.015971623990762334,0.20820884208473198
2023-05-11,1.1338568905279136,0.9938733351827703,0.7342604579713353,-0.01733350787692722,0.00893395202106159,0.01505975276490309,0.25278152295150125
2023-05-12,1.1545231459898175,1.0154796201412208,0.7582292829751234,0.018226511330086764,0.02173947543776004,0.03264349147986372,0.23543796351901952
2023-05-15,1.122019956609557,1.0090613306578173,0.7441797586458206,-0.028152912735581792,-0.0063204512981865565,-0.018529387673047328,0.2555204475850163
2023-05-16,1.1133552636484652,1.0246848181032358,0.7517794605563235,-0.007722405390430255,0.015483189148902626,0.010212185728260019,0.27421763281989275
2023-05-17,1.1093651413910661,1.0107853568406435,0.7424997875375944,-0.0035838715526645038,-0.013564621059108809,-0.012343610733741102,0.40005450916126045
2023-05-18,1.0817446203975034,0.9998624178017401,0.7392968303883086,-0.024897592292226288,-0.010806388285090132,-0.004313748236761068,0.4218293386315691
2023-05-19,1.0800471779084573,0.9883881138680857,0.7546069450916553,-0.0015691711860997995,-0.011475882810838537,0.020709022511708936,0.21835632031264604
2023-05-22,1.1197028213190408,0.9655568406805474,0.7401943117930107,0.03671658444344793,-0.02309950197416619,-0.019099523788366386,0.18577464704425953
2023-05-23,1.14471283203954,0.9688726924562054,0.7515065413361591,0.022336293384557854,0.0034341342072838218,0.015282783673041608,0.13054042874211594
2023-05-24,1.1424128169988665,0.9817993568747407,0.7796375404975108,-0.0020092506839254802,0.013341963829907105,0.037432806787463774,0.297672702943427
2023-05-25,1.146643460642462,0.9923570646993977,0.7842875471039175,0.003703252957813754,0.010753427113931196,0.005964318500414093,0.36825723566713
2023-05-26,1.1782037245573511,0.9951618184734551,0.7819881252103256,0.027524042998689345,0.002826355425712736,-0.00293186077234393,0.32097935638084063
2023-05-29,1.1776981283748893,0.9788788356268222,0.8071543722195418,-0.0004291245834005828,-0.016362145878557128,0.03218239024083314,0.3804968559281139
2023-05-30,1.1696194499291452,0.9863908547524611,0.796995209208408,-0.006859719185332993,0.0076741051621865095,-0.012586394078740785,0.1837598250598788
2023-05-31,1.166091485280197,0.993598212676653,0.8209968696521035,-0.0030163354834447055,0.007306797188423574,0.030115187853556147,0.24977831777057358
2023-06-01,1.181608139944058,0.9932704342836026,0.8068967336551862,0.013306550008923551,-0.0003298902804659837,-0.017174408963206215,0.13653750988229085
2023-06-02,1.1972632859359242,0.9836340321246303,0.8081254895314393,0.013249016710910177,-0.00970169032155138,0.0015228167682458664,0.17571050403529345
2023-06-05,1.2313280788265266,1.0049988854067637,0.819042940052699,0.028452215390513024,0.021720327463645966,0.01350959802986753,0.4204333726563926
2023-06-06,1.2478662193128494,0.9858817938962324,0.8225575666897899,0.013431140547110667,-0.019022002698832672,0.004291138431478173,0.2009327674429189
2023-06-07,1.2583159417105103,0.9962993249803539,0.8341768840617254,0.008374072665750333,0.010566714132077779,0.014125840965386754,0.2103445188796895
2023-06-08,1.2834398092877353,1.0187044410067048,0.8662109520340266,0.019966263435455073,0.022488338057232705,0.038402008715852705,0.2063322422677279
2023-06-09,1.2564264202841333,1.0221920436787608,0.8808963467635547,-0.021047647741730565,0.003423566769385526,0.01695360084635727,0.23474138583855075
2023-06-12,1.270104854413444,1.0059897434065355,0.8664971335168988,0.010886776900327619,-0.01585054430077058,-0.016346092590301946,0.3301222826626124
2023-06-13,1.2971925748089626,0.9943970625075598,0.8724044783806667,0.021327152873554165,-0.0115236571495451,0.006817500757090172,0.3411321169491373
2023-06-14,1.3394176032492846,0.9904371110189706,0.8769509124359016,0.03255108706318372,-0.003982263864098134,0.005211383214898137,0.1207765645120034
2023-06-15,1.3195537261228496,1.0111225729543862,0.8499623668276396,-0.01483023448269407,0.020885184637451717,-0.030775434776954734,0.3014464836679486
2023-06-16,1.3147534925169504,1.0154019881773901,0.8460569376058619,-0.0036377704907880988,0.004232340704747437,-0.004594826046656789,0.4094994291854437
2023-06-19,1.3494268295209717,0.9849419881574049,0.8718383753315069,0.026372500397502663,-0.029997971615812857,0.030472461816340914,0.24397874864814598
2023-06-20,1.3495225316414798,0.9849629381791519,0.8913951212196491,7.092057043365022e-05,2.127031033193647e-05,0.022431618567726047,0.3817197593237508
2023-06-21,1.3249545510005187,0.9950666422702164,0.8831800017957242,-0.01820494290753196,0.010257953573098524,-0.00921602466556539,0.23392462881920356
2023-06-22,1.416076519068493,0.9906976542147619,0.8962942486721687,0.06877365566929443,-0.004390648696138328,0.014848894732421538,0.2106692825232277
2023-06-23,1.4175212570450983,0.9968029519703339,0.9060284779158865,0.0010202400485785016,0.006162624620738722,0.010860528512972941,0.44370936071045014
2023-06-26,1.4145505022325682,0.9895724146304768,0.9237475646078764,-0.002095739162827721,-0.00725372785620748,0.019556876106972574,0.27349599110213135
2023-06-27,1.4290032848564993,0.9738847481658441,0.9130171553460534,0.010217226321096697,-0.015852974711800923,-0.011616170556701867,0.34301542126338413
2023-06-28,1.4252333765118805,0.9548317668244839,0.9337069703122803,-0.0026381383335989123,-0.019563897450127977,0.02266092684576677,0.20729110393241906
2023-06-29,1.4992758512127178,0.9689375665867344,0.9195973563983257,0.05195112317819071,0.014773073385652683,-0.015111394005375747,0.2806199530466099
2023-06-30,1.5345969676345,0.9463289336006685,0.936010835379226,0.023558784324587054,-0.023333425976772647,0.017848549549103736,0.31341010403718617
2023-07-03,1.520339232931385,0.9681316074820572,0.9522483966533556,-0.009290865943188096,0.023039213012786393,0.017347621053500933,0.24550474831423447
2023-07-04,1.5049583670660702,0.9673280296817749,0.9792188298675698,-0.010116732852876986,-0.0008300295063935849,0.028322896955249185,0.24176133197367333
2023-07-05,1.5255048125016568,0.953680539983998,1.001145476375963,0.013652500883225038,-0.014108440238485084,0.022391978013084773,0.4407300266070349
2023-07-06,1.5063478811842563,0.9549237658376176,1.0185130848353299,-0.012557765246236948,0.0013036082854751684,0.01734773703641526,0.381828836682141
2023-07-07,1.4374984487972755,0.9377700789413719,0.9805001012609419,-0.04570619658777156,-0.017963409760986832,-0.037322037527415544,0.1518191841940707
2023-07-10,1.4522145303827085,0.9536906213988132,0.9694834845703876,0.010237285193417505,0.01697702114297962,-0.011235711935558898,0.3202440577577439
2023-07-11,1.4434818610322688,0.9757845507340333,0.976905840683593,-0.006013346628709446,0.023166767963822516,0.007655990258043907,0.41899719492792054
2023-07-12,1.4446579631188183,0.9399219637165237,0.9916598186195731,0.0008147674856879711,-0.03675256693758053,0.01510276356384133,0.15993684736131877
2023-07-13,1.4735966702269798,0.9416134588493429,0.9939665104047528,0.020031528463448002,0.0017996123062502234,0.0023260918128061446,0.43391135352852206
2023-07-14,1.462832095124518,0.9454566772209049,1.0152515057083187,-0.00730496703742119,0.004081524467862356,0.021414197642230747,0.16832861280808298
2023-07-17,1.4776386696265154,0.9462126436745408,1.0291046293134956,0.01012185509967019,0.0007995781000331693,0.013645016557263641,0.24769514471195658
2023-07-18,1.5081884527733962,0.9268673918778767,1.0270020677606615,0.020674731769575613,-0.02044493056184331,-0.0020430979445080558,0.15376072963722287
2023-07-19,1.5198539992656535,0.9298192191921117,1.0396313151047902,0.007734806927347456,0.003184735313920779,0.012297197581759936,0.200105058097274
2023-07-20,1.5159954065380867,0.9288136267204664,1.006366935385571,-0.0025387917059343447,-0.001081492456693996,-0.03199632334648001,0.3905468680947937
2023-07-21,1.5381703870261965,0.9047002360079571,1.0042988365204033,0.014627340157150255,-0.025961495416094313,-0.002055014719234093,0.2314914859711038
2023-07-24,1.5743905107256684,0.905150764935809,1.0309523363019417,0.023547536739084832,0.0004979869684128119,0.026539411191478606,0.3095441530224854
2023-07-25,1.623608337531888,0.8998923927340701,1.042112932501782,0.03126151134100397,-0.005809388231707336,0.010825521032207576,0.29781747877563924
2023-07-26,1.5954187104218902,0.9131957740402975,1.0563678278389939,-0.01736233207132324,0.01478330232996942,0.013678839301025092,0.4396059128827771
2023-07-27,1.6257428202797946,0.8962852504171305,1.0590222081030363,0.0190069914937161,-0.018517960884059922,0.002512742431272755,0.3644570349727218
2023-07-28,1.6206144926473145,0.8736218478396396,1.0630674314050523,-0.0031544519640550888,-0.025285926067558702,0.0038197719283546935,0.4459653240621599
2023-07-31,1.585744615079188,0.8606097416486801,1.06419416855768,-0.02151645423777832,-0.014894437705669616,0.001059892457751627,0.35153733051094704
2023-08-01,1.5604327347059053,0.8768841274809478,1.0611883731323437,-0.01596214178032613,0.018910297019286287,-0.0028244802632305848,0.23897393980607542
2023-08-02,1.5985212164497402,0.8683630487129141,1.0779739324892674,0.024408922535846256,-0.009717451258369047,0.015817700025658337,0.36678145511830956
2023-08-03,1.5836509232322085,0.8839358851704615,1.088088479876818,-0.009302531029621348,0.017933554957951646,0.009382923911892806,0.16968510437319356
2023-08-04,1.5605999386069935,0.8938787762911284,1.0960962642191643,-0.014555596998717533,0.01124843021702806,0.0073594974034214755,0.29456514578443516
2023-08-07,1.543243960569218,0.8682372528680226,1.1279309758115814,-0.011121349942681448,-0.02868568323044584,0.029043718724007753,0.1586784798765644
2023-08-08,1.4944216235151262,0.8775346667760278,1.1754438320486127,-0.031636175680275457,0.010708379394334056,0.0421239040827338,0.15144678317043214
2023-08-09,1.5071366906075818,0.8828504556738053,1.1735082655740712,0.008508353260137942,0.006057639770867489,-0.0016466686214756472,0.39062790615851767
2023-08-10,1.5791506512405398,0.8926884434182281,1.1854020750006844,0.04778197032939754,0.011143436219800499,0.010135258332240852,0.43229574222283923
2023-08-11,1.6172135862550596,0.8883000512455492,1.1783519848011963,0.024103422295155143,-0.0049159280654234565,-0.005947425222352601,0.3374037816644022
2023-08-14,1.5938580329599688,0.8794692159701061,1.1726900259429711,-0.014441848308469117,-0.00994127520657109,-0.004804980966005959,0.39193742019252387
2023-08-15,1.6082688007801118,0.8708369194419835,1.1979647837770762,0.0090414375196143,-0.009815348134272898,0.021552803618144125,0.31867836710551467
2023-08-16,1.5768671329024453,0.8586382756114602,1.2006224620155745,-0.019525136508545628,-0.014007954369160153,0.0022184944620150227,0.34648459668600207
2023-08-17,1.6014928995107065,0.8381092592168227,1.2389962696708154,0.015616893836155972,-0.023908806511121754,0.03196159398085892,0.3786048188934828
2023-08-18,1.6485662392252745,0.8308159613448018,1.3129278189730473,0.0293934114406314,-0.008702084831798839,0.05967051807337118,0.1451713279397486
2023-08-21,1.61207477911619,0.8110259543752426,1.282808281231574,-0.022135270783073435,-0.023819964818112202,-0.022940741529136388,0.15499314650789978
2023-08-22,1.5558191536716925,0.8136995139108556,1.2808340768946027,-0.034896411862072076,0.0032965153842363995,-0.001538970683191976,0.3671776737067842
2023-08-23,1.522038611018749,0.8253966845979516,1.2967661188652035,-0.02171238384179959,0.014375295163783972,0.012438802385105474,0.2448093923208272
2023-08-24,1.4914549123069962,0.8349975450210282,1.3430990865465369,-0.020093904642328436,0.011631813650612496,0.03572962541763438,0.4425565987668169
2023-08-25,1.5082197977882104,0.8214951248523809,1.3716995433861265,0.011240625072119854,-0.016170610619348862,0.021294375914683326,0.31409386150015645
2023-08-28,1.5559211441000849,0.8121472434994753,1.421109867485491,0.03162758265196368,-0.01137910752006636,0.03602124411107708,0.26305289693313044
2023-08-29,1.6153620836826164,0.8013756896571528,1.412591918695622,0.03820305406088619,-0.013263055349309326,-0.005993870695543475,0.4374448632304396
2023-08-30,1.596117735218557,0.8066202057724481,1.4023868443598833,-0.011913334266325725,0.006544391329788323,-0.007224361261504359,0.29128702135020335
2023-08-31,1.5935579081468303,0.8120463305743297,1.3758810475508159,-0.0016037833646251186,0.006726988442702562,-0.018900488774312364,0.4099943322265686
2023-09-01,1.619954635930118,0.8077141420235303,1.426114439502813,0.0165646492344824,-0.005334903179397846,0.036509981761444314,0.31220977544525313
2023-09-04,1.593763857817804,0.7886578840706825,1.4362175023036392,-0.016167599716319394,-0.023592824442948464,0.007084328242513605,0.15452319898880032
2023-09-05,1.5523309482485363,0.8050846269857462,1.4270132700400748,-0.02599689368411074,0.02082873099584903,-0.0064086618139670435,0.3337673328771829
2023-09-06,1.5755366669934627,0.802626520436222,1.4068349041336754,0.014948950654568121,-0.0030532275330202676,-0.01414027909203175,0.17652573975301022
2023-09-07,1.573488540407528,0.7973739412442259,1.4200942542850834,-0.0012999548844795361,-0.0065442382705486885,0.009424951081643033,0.21527439569951784
2023-09-08,1.5624429615362525,0.7950124016372174,1.4191024314979621,-0.007019802551860204,-0.0029616463303571766,-0.000698420392962269,0.1610610278663566
2023-09-11,1.6080309167115987,0.8047203866047037,1.4235585431152507,0.029177356420436854,0.01221111135812977,0.003140091594787068,0.3847024442645845
2023-09-12,1.5949842839635575,0.8169264828056149,1.4679968607864262,-0.008113421584406644,0.015168121007113304,0.031216361199960765,0.28110446758396923
2023-09-13,1.5809249762301198,0.8362567337838308,1.4576824195069373,-0.008814699853029266,0.02366216714119608,-0.007026201182721376,0.28461004507440285
2023-09-14,1.5539029907110822,0.8377348962981489,1.457257083079561,-0.01709251604302836,0.0017675941545244433,-0.0002917895020784216,0.38380938398016945
2023-09-15,1.612695146057408,0.841609164925061,1.4900269541949571,0.03783515167791894,0.004624695287294342,0.02248736444371551,0.32137235235483297
2023-09-18,1.582712240864983,0.8392370822453527,1.4817389961644274,-0.01859179973705808,-0.002818508612509617,-0.005562287317820812,0.37485269683034755
2023-09-19,1.6260270417245117,0.8453015851433242,1.5164171198646377,0.02736745173327055,0.007226209406460179,0.02340366541609348,0.44135232069278096
2023-09-20,1.6630100493653848,0.8435306129806175,1.4984833203624606,0.022744398888747963,-0.0020950773000223276,-0.011826429065755924,0.3161632748294921
2023-09-21,1.7017300624856107,0.8756944507058855,1.5132788982010175,0.023283090282588167,0.038130018318620465,0.009873702054273186,0.4359112066799843
2023-09-22,1.7022660789812434,0.8839130204375204,1.5158240349844876,0.0003149832675870239,0.00938520248131076,0.0016818689446445219,0.2798798300295086
2023-09-25,1.756925181447976,0.8778834336334841,1.473771517584587,0.032109611500597254,-0.006821470738208771,-0.02774234767977607,0.2794391646222392
2023-09-26,1.8122120302662452,0.9115164501108965,1.4967201193737987,0.031467958568790325,0.038311483266301516,0.015571342990006341,0.18457860217417765
2023-09-27,1.785964525463659,0.914262437376338,1.4939027023188869,-0.014483683125495006,0.0030125482267571594,-0.0018823940551359743,0.15589511837431358
2023-09-28,1.790446682958248,0.8930791308906355,1.4959608227056662,0.0025096565081130016,-0.02316983135224532,0.001377680342625085,0.38667151761200624
2023-09-29,1.7882289833697302,0.8905546148456688,1.498526577869385,-0.001238629225670939,-0.0028267551638443897,0.0017151218967608622,0.2619346353422522
2023-10-02,1.7343054485766503,0.900044468295435,1.5064876527561246,-0.03015471468953978,0.010656116190482927,0.005312601727797535,0.23284215355749407
2023-10-03,1.7662643227190797,0.880883788088475,1.5017967525753808,0.018427477217844296,-0.021288592821694468,-0.003113799288140036,0.31558490662774974
2023-10-04,1.7671978069402132,0.8781213389944897,1.495107530437733,0.0005285076582968736,-0.003135997201151501,-0.0044541460927896015,0.16823148774241425
2023-10-05,1.6923781958090913,0.8838195045463626,1.5196142781648552,-0.042337994556855635,0.006489041205168384,0.01639129442411889,0.4424553357862403
2023-10-06,1.6503349899709077,0.8790055978995824,1.4597153026309029,-0.024842677565982022,-0.005446707865143762,-0.039417223432704714,0.29730423088409524
2023-10-09,1.6765183238734778,0.8689878948872176,1.411721818600402,0.015865466139714905,-0.01139663164410167,-0.03287866061553259,0.3208749488698751
2023-10-10,1.659209833148726,0.8700160441722115,1.4555845834202013,-0.010324068922051425,0.0011831572005123348,0.03107040228597261,0.1665016966054098
2023-10-11,1.6614098375560595,0.8684840435418211,1.5179724455046264,0.0013259350103768629,-0.001760887791268239,0.04286103521228011,0.13215116104046376
2023-10-12,1.6876537881942222,0.8484183478405319,1.498657014733602,0.01579619311558166,-0.02310427675729984,-0.012724493668001515,0.3084950399248055
2023-10-13,1.7950303760387216,0.8654736413941343,1.475996052813897,0.06362477221076955,0.02010245723352519,-0.015120845995395019,0.389699500264078
2023-10-16,1.7951321663959583,0.8717268892244767,1.442101067505879,5.6706760284093944e-05,0.007225231978491527,-0.0229641435987578,0.34350402971732646
2023-10-17,1.8041931526230441,0.8558785563387541,1.4100741699978592,0.0050475315392946,-0.018180387781569902,-0.022208497191816418,0.39454831855272793
2023-10-18,1.7960292399660016,0.8511106747369602,1.385043254856998,-0.004524965991126546,-0.005570745483085527,-0.017751488307100393,0.3204845396773579
2023-10-19,1.7581940157691056,0.8676119212938134,1.41769193546355,-0.021066040215254003,0.019387897539827025,0.02357231840381961,0.3494268010690876
2023-10-20,1.762252582475326,0.8648936338628164,1.3914531348266506,0.0023083724946275524,-0.00313306832730403,-0.01850811165707879,0.30811929448595715
2023-10-23,1.7509869247320218,0.8716738854468868,1.3671767653312012,-0.006392759956963759,0.007839405122903225,-0.017446774805299936,0.1929195922824132
2023-10-24,1.7663575344088192,0.8483057998094043,1.3467953925182203,0.008778254971349667,-0.026808289232506007,-0.014907635449790181,0.3582940710339673
2023-10-25,1.7930747643478424,0.8456962629240188,1.3289143619016563,0.015125607029476634,-0.0030761747544009468,-0.013276723929928357,0.2433494578621532
2023-10-26,1.7831105767840643,0.8467217652116197,1.3733710183053103,-0.005557039651607687,0.001212613006063466,0.03345336439891966,0.23015113229422304
2023-10-27,1.7540775662969603,0.8441441811154422,1.3908919038347847,-0.01628222661292631,-0.0030441925577917835,0.0127575762819683,0.19755590125970188
2023-10-30,1.7524720030312302,0.8399181744032029,1.390786322818059,-0.0009153319651191372,-0.005006261734405424,-7.590885850613136e-05,0.41982127329516267
2023-10-31,1.758552683521155,0.8423261495305752,1.4032811630714397,0.003469773257094563,0.002866916326799494,0.008984011453364832,0.12719664750368856
2023-11-01,1.765844512006176,0.8329483423185747,1.3876047632912698,0.004146494189995317,-0.011133225790540489,-0.011171246499067962,0.12426976659443814
2023-11-02,1.7422030564938071,0.8300996548643184,1.3974230949563684,-0.01338818641824238,-0.0034200049505192765,0.007075740819605109,0.36089687219617844
2023-11-03,1.7543281819960839,0.8294910871515838,1.3970274035342347,0.006959651148057683,-0.0007331260881369862,-0.000283157923725299,0.24838255273261112
2023-11-06,1.7500697683392903,0.823607043435242,1.3991111023803502,-0.002427375733056041,-0.007093558698197996,0.0014915232448871622,0.15123345277868042
2023-11-07,1.7783794258886576,0.8348822009100951,1.3637527147022455,0.016176302260355716,0.013689972135042342,-0.025272037094086815,0.3272460908949534
2023-11-08,1.7701469908110516,0.823750999650745,1.3896221177973689,-0.004629178092010513,-0.01333266087984167,0.018969277066312976,0.36990181058509164
2023-11-09,1.7789112538182152,0.8347010682190743,1.3835934698971628,0.004951149849509362,0.013292935089574237,-0.004338336172830808,0.4219535004927543
2023-11-10,1.779483565493309,0.8305834967934319,1.396839485523112,0.0003217201947906472,-0.004932989284927722,0.009573632655937369,0.2760402865479806
2023-11-13,1.843850256955545,0.8491172030203035,1.447163772572485,0.03617155713623716,0.02231407955783263,0.03602725121313898,0.390877983307391
2023-11-14,1.8801272944007288,0.8547886490316844,1.455397990059442,0.019674611486662823,0.006679226367346703,0.005689900233143522,0.15538128338515897
2023-11-15,1.8498946981523388,0.8408651447593285,1.417964028261224,-0.01608007943846498,-0.01628882682067504,-0.025720773323789765,0.201238335187841
2023-11-16,1.829854118733717,0.8456500018723134,1.4136991723119103,-0.010833362265775625,0.005690397732390664,-0.0030077321175372984,0.39220363525674945
2023-11-17,1.8220122363958569,0.8396944752414756,1.407879180052927,-0.0042855232324677745,-0.007042543153375568,-0.004116853410521301,0.32480162031408527
2023-11-20,1.8866889674799279,0.8406774207786879,1.4632106915121066,0.03549741861888301,0.0011705990288072004,0.03930132091100284,0.24195983181590303
2023-11-21,1.9087622965294573,0.8520419255334866,1.4351630709409242,0.011699506081817461,0.013518270473200157,-0.019168545400797574,0.23092733078756705
2023-11-22,1.900036405022345,0.8490753092790196,1.4185665090415944,-0.004571491967846262,-0.0034817726282769523,-0.011564234222142221,0.15811839644630796
2023-11-23,1.831980755089885,0.8471242269943708,1.3640904735247403,-0.03581807682872252,-0.002297890732808503,-0.03840217231242746,0.2715275057804072
2023-11-24,1.8658790358923507,0.8188776048434624,1.3578397913964941,0.01850362276365867,-0.03334413212466902,-0.004582307588509677,0.25232859133600277
2023-11-27,1.903409762911447,0.8184252995390461,1.407044449053562,0.020114233718879628,-0.0005523478743843554,0.03623745449856242,0.36763589174939004
2023-11-28,1.9611088411770032,0.8291952437405388,1.3896353237672026,0.030313534893978894,0.013159349066504183,-0.012372832498695814,0.39520572877044696
2023-11-29,1.990397951080228,0.8220621539031712,1.4105562879664781,0.014934974177999463,-0.008602424930936594,0.015055003166269794,0.3338636186582661
2023-11-30,1.961030339412709,0.8281502090353158,1.4328742712067477,-0.014754643236836444,0.007405833127383873,0.015822114601639858,0.23119910011201544
2023-12-01,2.0226906552822976,0.810841791858466,1.4450245942929356,0.03144281586589554,-0.020900093953984164,0.008479685433918303,0.1384561154226593
2023-12-04,2.0112096151058108,0.8283361446320381,1.4961470885890407,-0.0056761226174176106,0.02157554402009126,0.03537828663817279,0.4163600817305924
2023-12-05,1.905154106861584,0.8309525104373555,1.4820396933406257,-0.05273220028765982,0.003158579789464187,-0.009429149951906876,0.18190229531821622
2023-12-06,1.8875554283287974,0.8417591045323348,1.4687014571794932,-0.009237404191820215,0.013005068231024937,-0.00899991830250324,0.4174503498939593
2023-12-07,1.9281726530657692,0.8429296708523474,1.4741015701951579,0.021518427553109433,0.0013906191376010677,0.003676794211149664,0.1905792992731518
2023-12-08,1.9408327432369905,0.8195198268301475,1.4763139971712451,0.006565848836768833,-0.027772001427507652,0.0015008646763698395,0.31782558127449967
2023-12-11,1.9711266506431055,0.8300797998923181,1.5001888549984,0.015608716161491568,0.012885561418344182,0.01617193759112309,0.14094330696298676
2023-12-12,1.9724129475494723,0.848273335073309,1.4966883352504639,0.0006525693851012605,0.02191781462860698,-0.0023333860508780763,0.3398954071542952
2023-12-13,1.9478803109885268,0.8437102497952912,1.509679924009042,-0.012437880511494788,-0.005379262897169289,0.008680223165101376,0.359754294642946
2023-12-14,1.9398558442440372,0.8200345287242534,1.4979739805849903,-0.00411958922692596,-0.02806143587420231,-0.0077539240191826925,0.12454642565050512
2023-12-15,1.9054940475883635,0.8098944905580294,1.4920974155280842,-0.017713582562143677,-0.012365379518834504,-0.003923008765887341,0.12316895262629751
2023-12-18,1.893410735212421,0.805646668331346,1.5001819105273075,-0.006341301559684913,-0.00524490816545328,0.005418208566738897,0.21266401482453626
2023-12-19,1.8017646250730937,0.8195385592765222,1.4797977159267948,-0.0484026568746826,0.01724315570490591,-0.01358781522258713,0.22139548752485733
2023-12-20,1.8342729152134176,0.8327746664856549,1.5093513023978458,0.018042473299754915,0.016150682672963393,0.019971369162805935,0.3478758619648298
2023-12-21,1.7994812766798638,0.8310014368820486,1.5171059709631278,-0.01896753653449976,-0.0021293030095276147,0.005137749278754698,0.362439452297395
2023-12-22,1.7632440073445579,0.8016044643846791,1.5744341046173247,-0.020137619548987747,-0.0353753570001855,0.03778782415430244,0.14002970418198718
2023-12-25,1.7256405855427996,0.7973958938518597,1.535481466250294,-0.02132627228286401,-0.005250183500474763,-0.02474072319241232,0.1727930664257826
2023-12-26,1.702640583878763,0.7987796180314641,1.5039656583757761,-0.013328384749830087,0.0017353038688477185,-0.0205250330708848,0.441180376352935
2023-12-27,1.6285863030853607,0.8137840837005694,1.4640819857662826,-0.04349378341769611,0.018784237016566258,-0.026519004863825406,0.12057804112547713
2023-12-28,1.6316754088347905,0.8071369037492118,1.4525161602010364,0.0018968019954346618,-0.008168235388839875,-0.007899711681236678,0.18738844856646505
2023-12-29,1.6321437789825735,0.7986702897327208,1.4526444025694236,0.00028704860369108826,-0.010489687656657566,8.828980489245571e-05,0.32593783863754605
2024-01-01,1.6079230709435963,0.7666294878742654,1.4559603798303185,-0.014839812736397184,-0.040117683442535405,0.0022827178179530127,0.1992066614866612
2024-01-02,1.6118194117714852,0.7675037063856908,1.4450429819641708,0.0024232134598345476,0.0011403403146536448,-0.007498416864489121,0.448585713151456
2024-01-03,1.579102564282531,0.7907683191641273,1.4600071096509368,-0.02029808503981014,0.030312052677886774,0.010355489679916704,0.24023516029330014
2024-01-04,1.5566089178669713,0.7770521593872467,1.4932891985251733,-0.014244575953671186,-0.01734535823511374,0.022795840276554333,0.42551659972360634
2024-01-05,1.4924353565109416,0.7868540357810059,1.44969190490849,-0.04122651529195086,0.012614180753951704,-0.029195479120683106,0.302072502262423
2024-01-08,1.5111459665760316,0.7881632868083429,1.4002638473130276,0.012536965157963315,0.00166390584250799,-0.034095560186343576,0.3488645637916663
2024-01-09,1.4776919611920816,0.7800535001195122,1.4231218043345208,-0.022138169391902267,-0.010289475321378012,0.016324035691813087,0.3069838587960156
2024-01-10,1.4448371587780524,0.8006436797254178,1.3782996189512242,-0.022233864213164277,0.02639585567240055,-0.031495677493506104,0.32916693358156174
2024-01-11,1.4449467031206185,0.8133656760166245,1.3689024719126506,7.581777773409126e-05,0.015889710508387007,-0.006817927618469588,0.44985857444509725
2024-01-12,1.4349507698186081,0.8314687678557096,1.3590405099068605,-0.0069178560568512945,0.022257014738737292,-0.007204283875688258,0.42816087921627594
2024-01-15,1.4082248900571497,0.8414747396560266,1.383141773355689,-0.018624945415261,0.01203409218378882,0.01773402873066686,0.22497290168291137
2024-01-16,1.4048300613763585,0.840294762972942,1.3955074980389777,-0.0024107148685983976,-0.0014022722578302168,0.008940316113284394,0.1253546824432538
2024-01-17,1.3748189425186645,0.856377850091286,1.3566093500696133,-0.021362810835846586,0.019139815963439197,-0.027873836596382005,0.17682560788301402
2024-01-18,1.3810014711810088,0.8425220483203365,1.332090226672459,0.004496976635350919,-0.016179542440842493,-0.01807382751408587,0.21905316058518753
2024-01-19,1.3644892690332084,0.8431604575909233,1.3216729535848226,-0.011956686862671852,0.0007577359807492166,-0.007820245865521087,0.18072254209684463
2024-01-22,1.3492735938026328,0.836067503748458,1.3119205838201584,-0.011151187170095169,-0.008412341658824091,-0.0073788070930955775,0.16464961804700082
2024-01-23,1.3201057295502046,0.8139625910378007,1.3157085309613274,-0.02161745726470849,-0.026439148288327483,0.0028873296050733344,0.3293438720576962
2024-01-24,1.3125526965543732,0.799341170273297,1.3138356604490051,-0.005721536409363749,-0.01796325890832572,-0.0014234691561618136,0.268814354439978
2024-01-25,1.3108986430043776,0.8064364416741571,1.2894825520919395,-0.0012601806802405927,0.008876399295727717,-0.018535886252884014,0.20909414797693537
2024-01-26,1.2969714670149088,0.8221736056555008,1.2826503376646246,-0.01062414402806146,0.01951445044903171,-0.0052984155669504734,0.13970997788504713
2024-01-29,1.2746686079329808,0.819311824784466,1.2914476382167268,-0.017196106197509525,-0.0034807501132964923,0.006858689616158148,0.19824246626596062
2024-01-30,1.329875885471605,0.811870088120069,1.2586031844529635,0.043311082735574005,-0.009082911340080555,-0.025432276765874944,0.37509388397625065
2024-01-31,1.364549971901561,0.8065360872179304,1.2253168347603205,0.026073174804323793,-0.006570017765391237,-0.02644705662898074,0.3874505921207501
2024-02-01,1.3375357605197145,0.8004846386772213,1.2401240097104218,-0.019797157992096873,-0.007503010264032851,0.01208436424771534,0.3844609242133772
2024-02-02,1.3093278364534393,0.798974801128937,1.2196713330370204,-0.02108947281926479,-0.0018861543061952728,-0.01649244471782888,0.1689259984603719
2024-02-05,1.3138904616052864,0.7832589388175023,1.2389334313137732,0.0034847079736774807,-0.019670035011402773,0.01579285972786574,0.39171665827569446
2024-02-06,1.3390626844612596,0.7781660694155429,1.2127088966400812,0.019158539917565352,-0.006502152927419159,-0.021167024806073083,0.16098530731483587
2024-02-07,1.3555671132938636,0.7562060290774261,1.1757993400373576,0.012325359390657908,-0.028220249123185707,-0.030435627795742846,0.4166113476825837
2024-02-08,1.3335598851095765,0.7739192524776008,1.1990651820677096,-0.016234702043495544,0.02342380610451488,0.019787255561491288,0.32042633931074055
2024-02-09,1.3137043024597375,0.7909472420892429,1.2044369276819642,-0.0148891571136361,0.022002281965630508,0.004479944622352761,0.2912139893844336
2024-02-12,1.3081668773150517,0.7889309910284419,1.2027809891321137,-0.004215122942291935,-0.002549159986290857,-0.0013748653099149343,0.14837204419052372
2024-02-13,1.3506237597972688,0.7833418841174382,1.2284810354793467,0.0324552495698086,-0.0070844053213296055,0.021367187026939294,0.31621930411764093
2024-02-14,1.3338556984223462,0.776834424834341,1.2170142137929842,-0.012415049900676645,-0.00830730414782942,-0.009334146279179762,0.2972898938851256
2024-02-15,1.270684841961325,0.7795378617944841,1.2508836719913674,-0.04735958809917617,0.0034800684337846196,0.0278299610756595,0.24447636878154255
2024-02-16,1.2788445928576544,0.7637352416652247,1.313750916657098,0.006421537919453544,-0.02027178011967508,0.050258266274791026,0.34404949029436915
2024-02-19,1.3176861421362378,0.7462512554109362,1.3212358867200327,0.03037237635871739,-0.022892732062706533,0.005697404255275696,0.26086317883967797
2024-02-20,1.276615952992621,0.761838008242146,1.2534602012670606,-0.03116841547489723,0.020886735825491744,-0.05129718783314693,0.37831015799902157
2024-02-21,1.2911481628936092,0.7455403032935369,1.29229428260606,0.011383384225241744,-0.021392612041258238,0.030981503281671,0.36149718231955885
2024-02-22,1.2530003424236855,0.7452048455412479,1.2741172072894729,-0.029545656777631178,-0.0004499525388594548,-0.014065739948899914,0.17775121652440642
2024-02-23,1.248987516668672,0.7535855334059528,1.2483985622390597,-0.0032025735501807918,0.011246153208542208,-0.020185462454530664,0.3081004581078551
2024-02-26,1.254392388787919,0.7459587711495248,1.2311110342554732,0.004327402833987368,-0.01012063252058132,-0.01384776345190645,0.42116117581032464
2024-02-27,1.2274914331556686,0.7617288835422996,1.2110945205408514,-0.021445407252704947,0.021140729223510638,-0.01625890204674098,0.35453130357637497
2024-02-28,1.23851323721595,0.771459795320388,1.1931857507011678,0.008979129110454466,0.012774770641276401,-0.014787260231089148,0.22318660524847259
2024-02-29,1.23699424664438,0.7693084135932278,1.1933295922080447,-0.0012264629282320305,-0.0027887152904277047,0.00012055248463390018,0.18016896676164645
2024-03-01,1.2205272497667714,0.7655129198890563,1.2344747119621104,-0.01331210466198928,-0.0049336438249046495,0.03447925872510555,0.4109631941663547
2024-03-04,1.2340496019769296,0.7725029491236154,1.1944392270512059,0.011079107174986952,0.009131170817563785,-0.03243119079148322,0.4425302604701449
2024-03-05,1.1787710292321893,0.7551488879469583,1.1799227370074243,-0.04479444963653385,-0.022464718350065603,-0.012153393588403363,0.30273339826701673
2024-03-06,1.1363880234356731,0.7692801209528998,1.1761298396632947,-0.035955248937635464,0.018713174622239512,-0.0032145302613198674,0.15593373326218796
2024-03-07,1.1164337532949278,0.7748433324415526,1.1878485437017265,-0.01755938088859562,0.00723171096864128,0.00996378430615,0.21457241161343543
2024-03-08,1.0894306988101885,0.7573245287447671,1.1838236699882392,-0.02418688471666617,-0.022609478540111094,-0.003388372814723002,0.3026310358591511
2024-03-11,1.0987654651943726,0.750568096248212,1.132743240211175,0.008568481129069492,-0.008921449444868322,-0.04314868089904955,0.25998620610491047
2024-03-12,1.064137751823358,0.7447393161731697,1.1520752370660723,-0.03151510897267688,-0.0077658244524087565,0.017066530320934213,0.220329025121985
2024-03-13,1.0426533737430685,0.7529692068689643,1.16414486173382,-0.020189470811910144,0.011050699912130098,0.010476420531774304,0.2103768336765823
2024-03-14,1.022303982492104,0.7509096465544826,1.1786308050383336,-0.019516928409209766,-0.002735251715067982,0.01244341987039216,0.4269663481723315
2024-03-15,0.9859723672245696,0.7393050474826989,1.1515827530012666,-0.03553895503661024,-0.015454055125048551,-0.022948706177917395,0.2931627263066776
2024-03-18,1.0330200332270987,0.7447460079838825,1.205736891291653,0.04771702287657849,0.007359560873701369,0.047025833053898534,0.18860659758351944
2024-03-19,1.0642977846773474,0.7466955620471328,1.2189598005148443,0.030277971814872538,0.002617743555991752,0.010966662228461842,0.26808113266286393
2024-03-20,1.0898040433047773,0.7413573031983769,1.2422656232962883,0.023965340334859753,-0.007149177148074365,0.019119435088507747,0.29106709284540344
2024-03-21,1.1025767386163823,0.7497447928564113,1.1885993148581153,0.011720176108791457,0.011313693979743546,-0.04320034896866273,0.19676568583401255
2024-03-22,1.1315148339335317,0.7480226022206241,1.207948813955939,0.026245878680030484,-0.002297035807645836,0.01627924470083805,0.12906188316686926
2024-03-25,1.1384486436890764,0.7430249721269822,1.2074476836667853,0.006127900004139031,-0.00668112177199686,-0.000414860533297208,0.3636667086619645
2024-03-26,1.1160940195660247,0.755647667564869,1.2192688167488217,-0.01963604089387195,0.016988251958414212,0.009790182416962131,0.12136310673619251
2024-03-27,1.1458061061968134,0.7429404209110035,1.2244469659115118,0.02662149076145185,-0.016816364556269336,0.004246929874330497,0.35601732876867287
2024-03-28,1.1238715897310356,0.7414159213811617,1.2163192686093467,-0.019143305614405817,-0.0020519808680922566,-0.006637851641140408,0.14064520701271888
2024-03-29,1.139493461226747,0.7512023719064189,1.2302129739780792,0.013900050182290211,0.013199676784693491,0.011422745431483194,0.26181916837289976
2024-04-01,1.1634759147606346,0.7500857169362318,1.2354932006673829,0.021046591621568973,-0.0014864902081621965,0.0042921240476185025,0.3953482760070716
2024-04-02,1.1601548363677667,0.73641006800627,1.2276403854381461,-0.0028544453312135884,-0.01823211483858246,-0.006356016548690693,0.3692720840990008
2024-04-03,1.2299351505016007,0.7201272370731039,1.2570960217811789,0.060147414764311534,-0.022111092230514415,0.023993700999434067,0.15140353148944843
2024-04-04,1.2339289949356032,0.7204845764564127,1.2956110858701617,0.003247199197757486,0.0004962170084847875,0.030638124233669118,0.3206635861381646
2024-04-05,1.2696671112051103,0.7127461792900835,1.2927391193151196,0.028962862868274167,-0.010740545209710507,-0.0022166887782634637,0.39663734627557207
2024-04-08,1.282501596260992,0.6880705479595639,1.292252151929177,0.010108543367481414,-0.03462050312931493,-0.000376694244543823,0.14881861593190507
2024-04-09,1.2950065049237585,0.7026483361023121,1.3018418203966429,0.009750403975498532,0.02118647308183428,0.007420895723137032,0.3029736519589785
2024-04-10,1.2641973866000011,0.7141395862659383,1.3067070276811674,-0.023790705457167778,0.016354198214386603,0.0037371723724792865,0.15098286422572146
2024-04-11,1.2509303133659493,0.720846320754114,1.3583476498711529,-0.010494463423732519,0.009391349558485636,0.039519663624695486,0.25791685588014646
2024-04-12,1.2812288446336515,0.7241460013628491,1.3970548227467658,0.024220798667973848,0.00457750912189315,0.028495777851336165,0.36263458877073523
2024-04-15,1.3007798999811055,0.7040385242922473,1.4115499634690003,0.01525961223035421,-0.027767158877849613,0.010375498861050684,0.204589763192811
2024-04-16,1.2994680417458686,0.7050400860969619,1.4147019478394318,-0.0010085166869938066,0.001422595170798806,0.002232995254865305,0.1384683351209205
2024-04-17,1.3369491391325288,0.7085740638694444,1.431266280452445,0.028843416061470374,0.0050124494226227835,0.011708708423219864,0.19412438338074148
2024-04-18,1.3868771033610388,0.6977565527065652,1.4513100682267757,0.0373446997848442,-0.015266592039519473,0.014004233906771402,0.420117187481406
2024-04-19,1.3687003629864025,0.6999425977261273,1.497152102914865,-0.013106237265425825,0.003132962365000566,0.031586657938712986,0.29193621936927605
2024-04-22,1.3814037824032386,0.6926240188900898,1.5292869364015718,0.009281373601098576,-0.010455970046419544,0.021463973783386506,0.33033355106575174
2024-04-23,1.4299372095657361,0.6956325825908647,1.486690535103883,0.035133411230468516,0.0043437184081430245,-0.027853766539010928,0.39642654393643484
2024-04-24,1.456137375501378,0.692336871641954,1.5243139562996133,0.01832259889481351,-0.004737717915161327,0.025306827686974884,0.12939639878732379
2024-04-25,1.50120502801996,0.6923118595458778,1.53807556393501,0.030950137862551894,-3.6127060540439505e-05,0.009028066415401772,0.3100997151654378
2024-04-26,1.5079854298247788,0.6862494091386937,1.5483224487951126,0.0045166394185091035,-0.00875682010006404,0.00666214658133368,0.27186215673489134
2024-04-29,1.5821789556405628,0.6838705230859247,1.5746507179283313,0.049200426176799976,-0.0034665036080028656,0.01700438377917153,0.1351089038979661
2024-04-30,1.6136639780790607,0.6769887247513342,1.5842019347763034,0.019899785878362185,-0.010063013541710719,0.006065609813799156,0.4480435659962459
2024-05-01,1.6463201249560493,0.6679060251275456,1.6082861507508024,0.02023726582523278,-0.013416323332600207,0.015202743694350939,0.312175596186486
2024-05-02,1.6171401463838984,0.6599318748060259,1.5782693335489968,-0.0177243648606494,-0.011939030374815068,-0.018663853561005132,0.4227195082664005
2024-05-03,1.6483280588143685,0.6705855934116283,1.5745239343225594,0.01928584390178535,0.016143664236151326,-0.002373105240545471,0.23028387935063432
2024-05-06,1.6624570414197053,0.675322291674415,1.6037352388514792,0.008571705450127365,0.0070635252372314074,0.018552467760033123,0.18775082853576502
2024-05-07,1.7258608707546124,0.676068084641443,1.658460069450309,0.03813862719770572,0.0011043511760566228,0.03412335731802048,0.4336694109975628
2024-05-08,1.7935989787105358,0.6748347062174322,1.6538292503912166,0.03924888100991926,-0.001824340553902841,-0.0027922403103906694,0.28717839951366725
2024-05-09,1.781904453150322,0.6648565889406098,1.70857667357846,-0.006520145082052337,-0.014786016760684258,0.033103431429993696,0.29472864256016207
2024-05-10,1.830027647506318,0.6624649127253317,1.7569565165357703,0.027006607605091333,-0.003597281361216576,0.028315874672444757,0.3386375059595136
2024-05-13,1.9161090315246532,0.6542635311626039,1.800443301853466,0.04703829700913747,-0.012380099542159694,0.02475120181314411,0.16673670742236
2024-05-14,1.9243463892791817,0.6611859422559584,1.8053787544940785,0.0042990026240699464,0.010580463014732895,0.0027412430236107045,0.37436683682774763
2024-05-15,1.937987214646975,0.6624569449215979,1.8747221709984165,0.007088549880514392,0.0019223074545458951,0.038409345591180505,0.31158399338787707
2024-05-16,1.959988408038029,0.6576305679836872,1.829122539661654,0.01135259986483544,-0.0072855707452532765,-0.02432340751188622,0.272179572030799
2024-05-17,1.9823069354210567,0.6539771992156866,1.8472541993288776,0.011387071113022047,-0.005555351204555443,0.009912763783763465,0.2240292711607056
2024-05-20,1.9957251448554085,0.6624491051656748,1.8467499698985035,0.006768986777267894,0.012954436271094045,-0.0002729615829578048,0.14890276862852683
2024-05-21,2.0436600995959666,0.6573394544211597,1.8902404089404234,0.024018815849529723,-0.007713272921150988,0.02354971693559055,0.39051672838652
2024-05-22,2.0117994047167764,0.6731361149974354,1.977111434527288,-0.01559001660084717,0.024031207118376866,0.045957659764325996,0.36808243181905864
2024-05-23,1.978984652827964,0.6644668992290751,1.998289975898678,-0.01631114504352499,-0.012878845117964543,0.010711860242947617,0.18749082711785378
2024-05-24,2.0249513265267884,0.6673894857341407,1.982540729688224,0.02322740281645859,0.004398392919882769,-0.007881361764511246,0.44815539816446304
2024-05-27,2.0641568139576965,0.6579834431607062,2.0003019358028187,0.019361199905063145,-0.01409378297754824,0.008958810201789968,0.4252361544684814
2024-05-28,2.128197247516444,0.6696578686880855,2.081542437727387,0.03102498469385167,0.01774273448477632,0.04061411953389044,0.1324923062935517
2024-05-29,2.2006757287990193,0.6763202851686482,2.046959287969438,0.03405627996519401,0.009948985582167318,-0.016614193941540158,0.1290904585934848
2024-05-30,2.198959388464181,0.6923281360506167,2.0912827308755717,-0.0007799151471420008,0.02366903852067184,0.021653309455950377,0.4383651978173649
2024-05-31,2.222162130649116,0.6779739099715237,2.181440946193283,0.010551691998796058,-0.020733269863877902,0.04311144255466794,0.40557670316680716
2024-06-03,2.3325426210207443,0.682984277446378,2.2759451131631088,0.049672563873359186,0.007390206910859925,0.043321900203046965,0.43032533035339354
2024-06-04,2.2795547070444324,0.6962241180255171,2.2995239531679097,-0.022716804185607453,0.01938527871921419,0.010360021368015787,0.28057153253519984
2024-06-05,2.3091630175159668,0.7004469239279302,2.3215134583650587,0.012988637815989511,0.006065296781715922,0.009562633677660004,0.15645282515734119
2024-06-06,2.348147606474777,0.6793566999881543,2.359044057044214,0.016882562496928776,-0.030109667441334847,0.016166435970432234,0.2627774318856303
2024-06-07,2.400426234302268,0.6830738293696199,2.422935623202747,0.022263774084447886,0.005471542978129746,0.0270836680509418,0.42242549286898295
2024-06-10,2.4366719809748765,0.6630486682765566,2.458424594697912,0.015099712773779073,-0.029316246988328853,0.014647096338554173,0.4033505882494411
2024-06-11,2.4273115030057344,0.6611022971357613,2.4852441802303584,-0.003841501048244064,-0.0029354875952838314,0.010909256924246508,0.23211492066884132
2024-06-12,2.3776368076558656,0.6636288569262856,2.5374272906596502,-0.020464903366690622,0.0038217380297583454,0.020997176391920974,0.388614112918009
2024-06-13,2.3088302735365773,0.6547377629807392,2.5195373555742684,-0.028939043127922157,-0.013397690369775485,-0.00705042274560354,0.1798893309222432
2024-06-14,2.4011963815199477,0.6408398942407887,2.5707288555309433,0.04000558596361763,-0.021226618542177108,0.02031781741335087,0.3683550826781381
2024-06-17,2.4670015955206925,0.6483746326499809,2.663727049165233,0.027405177896815937,0.011757598858789216,0.03617580805311428,0.3195980944087799
2024-06-18,2.5233007581715,0.6537368276387028,2.553145626441339,0.02282088619360008,0.008270210953204599,-0.04151379652751899,0.23298254841281288
2024-06-19,2.4524077947991745,0.632495427792873,2.7185615374555883,-0.028095328368108588,-0.032492279687766086,0.06478906228502584,0.2808737376977947
2024-06-20,2.468406011501196,0.6406864378791187,2.8008493974245074,0.0065234732722466325,0.012950307190090896,0.030268897295565998,0.3127155659936539
2024-06-21,2.4181710193226027,0.6363351278920081,2.8430551052308766,-0.020351186937857903,-0.006791637421754814,0.015068895830378945,0.22414395425550881
2024-06-24,2.405229491588904,0.6456067615529376,2.804597263450304,-0.005351783488549107,0.014570362776676666,-0.013526942094725677,0.136460919569052
2024-06-25,2.5119533369549063,0.6293349963608719,2.9269169998851843,0.044371585222622564,-0.025203833294629368,0.04361401119118207,0.41810489404466156
2024-06-26,2.590682423868473,0.6320223910853392,2.96261912248522,0.03134177922628337,0.004270213383980278,0.012197859591316092,0.27167383670305323
2024-06-27,2.580590026115396,0.6273123300574016,3.1387234604351155,-0.0038956522266464476,-0.007452364179454569,0.059442112087013464,0.3636432424162902
2024-06-28,2.6340579288433137,0.634413701982952,3.1765583692780717,0.020719254971470036,0.011320313000862793,0.012054234570162109,0.37948824089281213
2024-07-01,2.6114554018199727,0.6381996197344245,3.1729321383339038,-0.008580876971550251,0.005967585094141448,-0.0011415596764216965,0.1795701139022289
2024-07-02,2.5507596664349665,0.6416321926308549,3.26255368059768,-0.02324211064171577,0.00537852544922982,0.02824565365927949,0.12717299346676628
2024-07-03,2.602064770193232,0.6327065394635063,3.234532226758105,0.020113656505307238,-0.013910856203693861,-0.008588810049691437,0.1268857171110165
2024-07-04,2.6088936721071834,0.6229413409791235,3.242488674775706,0.002624416575704419,-0.01543400909474241,0.0024598450285270123,0.32854697357837803
2024-07-05,2.6468784116400843,0.6264996143841732,3.2300180189367165,0.014559711627580869,0.00571205211626647,-0.003846013691891031,0.3180030173218109
2024-07-08,2.721705669288109,0.6308917541404899,3.216063607598127,0.028270001870489968,0.007010602489570605,-0.004320227087520439,0.20464989494946928
2024-07-09,2.7573218783780735,0.6366434181245839,3.177420471445648,0.013085988500468677,0.009116720810418347,-0.012015662893352808,0.4151566079510941
2024-07-10,2.7747836561029438,0.6156210670785922,3.1694852115017813,0.00633287606419813,-0.0330206053302476,-0.00249739057678329,0.30813931283501017
2024-07-11,2.7117045879175237,0.6128602378992349,3.189710512322878,-0.022732968044799354,-0.004484624271321099,0.006381257356147593,0.26698016974767813
2024-07-12,2.682199645553396,0.610353946196738,3.2901471434092944,-0.010880588724742561,-0.004089499607754103,0.03148769479186197,0.1889799753181394
2024-07-15,2.7041120217496735,0.5978935773020636,3.3048457181366957,0.008169554504491972,-0.02041498866734288,0.004467452088531897,0.17625529264447898
2024-07-16,2.735120138808847,0.5972487309476512,3.3487799278630686,0.011467023854695843,-0.0010785303252832375,0.013293876166522786,0.37234426941707105
2024-07-17,2.6955918849582,0.6037507146664748,3.3387523888067148,-0.014452108808595866,0.01088655928746304,-0.0029943857979202876,0.3177270409395103
2024-07-18,2.712121862835321,0.6076480598782377,3.315292329231806,0.0061322257161260905,0.0064552225232823125,-0.00702659462066102,0.2884156004415012
2024-07-19,2.712520251066545,0.6049948952238094,3.280961126815047,0.00014689171481663735,-0.004366285074554234,-0.010355407308746893,0.14125127170191815
2024-07-22,2.6860155500063154,0.6040011171961419,3.3791797169272115,-0.009771245412751565,-0.0016426221700596873,0.029935920090436798,0.19046772420841043
2024-07-23,2.6193111993311136,0.6095766667481066,3.423867757845067,-0.02483394062072538,0.009231025230296347,0.013224523304872268,0.3333845539961955
2024-07-24,2.6173828939330392,0.6222397403315205,3.5149060638584975,-0.0007361879713134419,0.020773553638408195,0.026589317243586656,0.15233706616506673
2024-07-25,2.6261537728663367,0.6206071148577824,3.518322441597084,0.0033510110246490073,-0.002623788498092858,0.0009719684328738107,0.35242868729962346
2024-07-26,2.6422458813248633,0.6371775073291057,3.408289830809793,0.006127633737518138,0.026700294074328296,-0.031274169043285255,0.36193963738637597
2024-07-29,2.6063624394287643,0.6340630445130546,3.41254477468722,-0.013580659600879667,-0.004887904516758928,0.0012484102258451628,0.3469535124723457
2024-07-30,2.5557154630065884,0.6301986494196433,3.4719540402104965,-0.019432054289915388,-0.006094654351570181,0.01740908015740874,0.23317339798794653
2024-07-31,2.5183744349388597,0.6530441337996475,3.4501066005699195,-0.014610792401670647,0.03625124300257216,-0.006292548630411177,0.3592926100907179
2024-08-01,2.5658455234609834,0.634274405544223,3.4905013948788173,0.018849892956158413,-0.028741898570033064,0.011708274260924242,0.3071534449464658
2024-08-02,2.532089579059036,0.6363875858740848,3.597843214070785,-0.013155875555756431,0.003331650010453588,0.030752550149229885,0.22267792281095572
2024-08-05,2.493489114430903,0.6418045747883312,3.706979764849083,-0.015244509889131735,0.008512090798889637,0.03033388179659334,0.1886748063530115
2024-08-06,2.5418780079141885,0.6374785525469141,3.635284566020368,0.019406097746021037,-0.006740404184317009,-0.01934059622028561,0.13932957634529464
2024-08-07,2.478342987442939,0.6504533169945208,3.608192835377021,-0.024995306727322097,0.020353256428422183,-0.0074524373955694315,0.28855899847549693
2024-08-08,2.4443012755631774,0.6605171196560012,3.5559315505257354,-0.013735674219525455,0.01547198299792076,-0.014484060923485797,0.1231792738829641
2024-08-09,2.386512610682238,0.6614020743889294,3.5140892756161013,-0.02364220215350702,0.0013397907587755617,-0.011766895485782893,0.2941644540353981
2024-08-12,2.4389980567861076,0.6614161806274225,3.513551268096802,0.02199252828958053,2.1327780845154108e-05,-0.00015310012839805088,0.44278384132954846
2024-08-13,2.4080382509234077,0.6411285728066557,3.6296002876470808,-0.012693657453543018,-0.03067298384131134,0.0330289814194569,0.14997954328458105
2024-08-14,2.4731554537526845,0.6372958941414016,3.6207814257006157,0.027041598198993183,-0.005978018805924922,-0.0024297060964203017,0.2886293595242403
2024-08-15,2.4982499522601684,0.6404241939127208,3.6665624574027063,0.01014675339934903,0.004908708498010714,0.01264396447052363,0.4388787960527505
2024-08-16,2.44944823365485,0.636713015871831,3.6903821709016924,-0.019534361868462198,-0.005794874828535086,0.0064964701340064265,0.44356061417222326
2024-08-19,2.4602778788312514,0.652028844919181,3.657336795467696,0.004421259052387538,0.024054524826037028,-0.00895445888898869,0.4481822160410353
2024-08-20,2.4489455825501576,0.6600486678945381,3.6201797754420846,-0.004606104204162975,0.012299797835402589,-0.010159583900410177,0.35310372392060924
2024-08-21,2.5468313830776825,0.6481891213066785,3.603233980236645,0.03997059029200372,-0.017967685058269803,-0.004680926433651992,0.33597234278162985
2024-08-22,2.431624632468844,0.6455086654216782,3.561192455384202,-0.04523532707124818,-0.004135299092334071,-0.011667719910235175,0.23462047332088173
2024-08-23,2.3980979660655546,0.6317971746518608,3.5732975767795168,-0.013787763931824322,-0.021241373670576942,0.0033991764126684917,0.3018192731413861
2024-08-26,2.3863712108869066,0.6484261033362463,3.564803606902666,-0.004890023403792523,0.026320042810493095,-0.002377067594942905,0.2875276424214503
2024-08-27,2.355708593309562,0.6357057138317628,3.535757938794552,-0.012849056105545695,-0.019617331009709988,-0.008147901346338244,0.22043436167875038
2024-08-28,2.318061616976087,0.632918179935084,3.6172068732836538,-0.015981168655747894,-0.004384943907262747,0.02303577787252877,0.26212215517060194
2024-08-29,2.3790887216662826,0.6313935249984938,3.654635798644277,0.026326782792687554,-0.00240892896574191,0.010347466062024297,0.4403260067422828
2024-08-30,2.3769624446342994,0.6302878494313502,3.506017766409346,-0.0008937359135114256,-0.0017511670984370605,-0.040665620440226084,0.4320978939323381
2024-09-02,2.4779835404781796,0.6343485702375476,3.534394259631464,0.04250008075303121,0.006442644911941412,0.00809365357300504,0.2787628252613584
2024-09-03,2.5662135469729033,0.6454696301220761,3.556045395612561,0.03560556599891609,0.017531465201165324,0.006125840636509629,0.3254254911008608
2024-09-04,2.6175468961993738,0.6381525538261857,3.494968869534728,0.02000353761947192,-0.011336050457566114,-0.017175406746266237,0.1482409832113869
2024-09-05,2.5499244510719694,0.6439522259461528,3.496818886435814,-0.025834282176793455,0.009088222064134512,0.0005293371615444591,0.40872249458581317
2024-09-06,2.6108643887309517,0.6487420927623951,3.5150574851487804,0.023898722816420387,0.007438233184464394,0.005215768761634752,0.2331590404064053
2024-09-09,2.6812692753566614,0.6511997093833213,3.4566948078115582,0.026966121614585656,0.0037882798855572524,-0.01660361959478788,0.3398330679647987
2024-09-10,2.693179830336657,0.6566935657863032,3.485496090642254,0.004442133093257216,0.008436515440377886,0.008332029418856957,0.3986676138268606
2024-09-11,2.7028832285622024,0.6628874094812247,3.5462130524141338,0.003602952211450522,0.009431862923013625,0.017419890940314178,0.37852546348226446
2024-09-12,2.704206331657962,0.6583736210545913,3.5665742728785204,0.0004895154484581846,-0.00680928369142792,0.005741679973380411,0.3709917854623572
2024-09-13,2.6382081086605886,0.6593156138994678,3.6403832149731903,-0.02440576453976039,0.0014307876481559401,0.02069463200470531,0.19142415350919215
2024-09-16,2.6486051077606905,0.6693413019202329,3.5392084658458502,0.003940932129641713,0.015206204448077703,-0.027792334804533764,0.4464364879296687
2024-09-17,2.6316622201108566,0.6752529420528591,3.48840653459116,-0.006396909679056891,0.008832026524684435,-0.014354037560923546,0.18912231094870743
2024-09-18,2.768170652808975,0.6672044128969932,3.4864587390633024,0.051871563020108355,-0.01191928039794601,-0.0005583625384666524,0.24163859975138596
2024-09-19,2.750835986133081,0.6769929278289295,3.6199788989611643,-0.006262138014614087,0.014670938535065669,0.03829678475808806,0.23119839215565793
2024-09-20,2.742089908329714,0.6751063038636861,3.5341607058143607,-0.003179425399207884,-0.002786770566856028,-0.023706821377171793,0.2374002466119854
2024-09-23,2.7781875175008928,0.6638342050081825,3.5719320697334145,0.013164268998446867,-0.01669677618323595,0.010687506048299525,0.1648269614009752
2024-09-24,2.8214835192022205,0.6444499377232495,3.569951787310385,0.01558426183567139,-0.029200464722503924,-0.0005544009192697914,0.4460774676492479
2024-09-25,2.833287095062618,0.6492931347110904,3.4965372947952553,0.004183464400931507,0.0075152416104673405,-0.020564561341160314,0.4079099322847308
2024-09-26,2.8866141353635286,0.6378572147903143,3.5018838679895037,0.018821615498775195,-0.017612876695307395,0.0015291051527483582,0.29496633034006564
2024-09-27,2.873460113527628,0.6357131687824302,3.5934905056229716,-0.004556903423548208,-0.0033613259490824295,0.026159244876975643,0.18599844265408216
2024-09-30,2.949592353193737,0.6359387807345317,3.594647947184217,0.026494970056377173,0.0003548958290947372,0.0003220939527832084,0.20997448308987934
2024-10-01,2.938557173853979,0.6424436708631025,3.5781489621554536,-0.003741255746004812,0.010228799258094386,-0.004589875078500393,0.24700336117367921
2024-10-02,2.936495229173597,0.6381930046330313,3.600471437798139,-0.0007016860855146236,-0.0066164029981969335,0.006238554034161428,0.23317799052157115
2024-10-03,2.8832136398145596,0.6301812341034594,3.5922272760651626,-0.01814461975953284,-0.012553836333851393,-0.0022897450723891985,0.381482693124031
2024-10-04,2.7728950272604997,0.6262061767947759,3.6072452563292225,-0.03826237883681588,-0.0063078001907479805,0.004180687665316664,0.17833979707688585
2024-10-07,2.9094347870891624,0.6255837747819101,3.507512946394172,0.04924086865399959,-0.0009939250616330844,-0.027647776307990535,0.443513859931458
2024-10-08,2.8495929103644864,0.6288038674235553,3.5289477340973736,-0.020568213795417855,0.005147340406595128,0.0061111072234919595,0.15499004333480343
2024-10-09,2.882882973846689,0.6295702556141994,3.6408816223957925,0.011682392723929397,0.0012188032395287483,0.031718771920845434,0.3884895417383419
2024-10-10,3.005502205501763,0.6208669456043419,3.699393390094571,0.04253354463829002,-0.013824207754807027,0.01607076905188607,0.23795498231282133
2024-10-11,3.034269600115549,0.6217349462780535,3.5845239717585824,0.009571576610765894,0.001398046199523071,-0.03105087948839425,0.33665034982756603
2024-10-14,3.077113395174616,0.6182422055776907,3.536862725304518,0.014119969780350178,-0.005617732638758082,-0.013296394954971274,0.171200008649484
2024-10-15,3.0523334479297484,0.6019017939879028,3.622486521408344,-0.008052984749839398,-0.02643043687792128,0.02420896787744393,0.32626162553496785
2024-10-16,3.158988294921135,0.6089666365537103,3.6807674972684152,0.03494206934164591,0.011737533658106217,0.016088666035232794,0.34237841166791916
2024-10-17,3.228409718703512,0.5901773217035088,3.716310024076354,0.02197584077598179,-0.030854424072449607,0.009656281423457378,0.1681760447115576
2024-10-18,3.320508162717411,0.5943460761978335,3.721983746682544,0.028527495590269913,0.0070635626633229745,0.0015267086355639213,0.17689516584859247
2024-10-21,3.3385291533989254,0.6022935348652546,3.6436053971189293,0.0054271785517209445,0.013371769387732437,-0.021058219191170447,0.35136096816687795
2024-10-22,3.4011156583833757,0.6262029129986945,3.729350478512494,0.01874673010440291,0.03969721863076102,0.0235330317221961,0.3926035315955115
2024-10-23,3.2863033701544295,0.6256738025595839,3.748155835114534,-0.03375724314048145,-0.000844950459551251,0.005042528641486377,0.25046546080490945
2024-10-24,3.4114438809598036,0.6375136677924303,3.7482743059360515,0.038079415291319654,0.01892338337390897,3.1607763051783953e-05,0.2685417381191738
2024-10-25,3.4109156392295152,0.6310819246294787,3.8213631898863007,-0.00015484403341257147,-0.010088792582633356,0.019499342359896064,0.39584924258731186
2024-10-28,3.2890526986564796,0.6314857214249459,3.8512242795063596,-0.03572733936057218,0.0006398484566077912,0.00781425060540953,0.122766943986537
2024-10-29,3.3382863233455655,0.6313074011524245,3.8325588953723977,0.014968937624257852,-0.00028238211327888656,-0.004846610526758076,0.3779864462471886
2024-10-30,3.4040052242699854,0.6275158449175602,3.8577083742191327,0.019686418287379704,-0.006005879588838897,0.0065620593272817255,0.29687800874106723
2024-10-31,3.3624057294793976,0.6193960909571595,3.9084032658984467,-0.012220749396619811,-0.012939520214772198,0.01314119336186889,0.2586941455393771
2024-11-01,3.4225545491287517,0.6196212366862184,3.9191406557138095,0.017888626325493154,0.00036349233123344425,0.0027472574053574545,0.14941928675517174
2024-11-04,3.5332167335614106,0.6217022798635747,3.943404633567643,0.03233321276379045,0.0033585730348526925,0.006191147495168013,0.16326209313507703
2024-11-05,3.3372999925388,0.6197583378803868,4.013433839969382,-0.05544996409691819,-0.0031268052991770953,0.01775856471984281,0.4365838593939695
2024-11-06,3.3030833566296596,0.6183447490602301,3.979929588636558,-0.010252789975620562,-0.002280871000447199,-0.008348026320792614,0.3239557566618049
2024-11-07,3.53499354635166,0.6236680764366476,4.135364917051262,0.07021021411903842,0.008608995846585652,0.039054793546725156,0.3238914287809238
2024-11-08,3.6604065361412768,0.6152456665536423,4.049409828899934,0.035477572489220184,-0.013504635239833187,-0.020785369580544326,0.3516744827635785
2024-11-11,3.7759642498931902,0.6195779279480829,3.999127281236659,0.03156963922202264,0.007041514682595355,-0.012417253325266634,0.39813407476030765
2024-11-12,3.799074161606901,0.627617123168812,4.0429392459101985,0.006120267614918412,0.01297527697178196,0.010955381410113969,0.44824365165283225
2024-11-13,3.8592674792890413,0.6358441153077244,3.963835068042333,0.01584420706772435,0.013108297774564577,-0.019566007069704697,0.29822593059977054
2024-11-14,3.9057823236451172,0.6360978571504017,3.8998130984236363,0.012052765092261752,0.0003990629724620879,-0.016151522078923484,0.17929324924049878
2024-11-15,3.8121536019631623,0.6296560376366489,3.94965340514312,-0.02397182278058306,-0.01012708884543474,0.012780178296141932,0.2528412074892797
2024-11-18,3.8370830610301265,0.6372729901230066,4.079938276594409,0.006539468675691843,0.01209700539829202,0.03298640616962385,0.2281139168715658
2024-11-19,3.8964931189999783,0.6363270827722838,3.967042583871421,0.015483130551232314,-0.0014843047883456575,-0.02767093153605838,0.42132826597434897
2024-11-20,3.8410101360632867,0.6496058284857589,3.992977355089506,-0.014239209782290482,0.02086779908160376,0.006537558059882385,0.3816724178134481
2024-11-21,3.8094532015857907,0.6549182195958066,4.146270528868927,-0.008215790471680215,0.008177868604459834,0.03839069449868811,0.34168527787269337
2024-11-22,3.82873215428247,0.6492689925268109,4.05406662807802,0.005060818883049674,-0.008625851136775898,-0.02223779180565413,0.2413779374815143
2024-11-25,3.7749831861480927,0.6393034401771326,4.043678866167727,-0.01403832025028404,-0.015348880763417703,-0.0025623066573078135,0.211561444303969
2024-11-26,3.834962083893888,0.6511742603282217,4.125001070723163,0.015888520501463783,0.01856836582609348,0.020110945316611263,0.3457554845176748
2024-11-27,3.7667139248872203,0.65619127866309,4.260410235978716,-0.017796306068656186,0.007704571019652381,0.032826455783637964,0.18625989764295456
2024-11-28,3.6374230377215295,0.6515731624926243,4.251702750444182,-0.03432458364078233,-0.007037759142234472,-0.0020438138705516965,0.13236431999254453
2024-11-29,3.6745254890669314,0.6615932937298821,4.361817579108502,0.010200202440198525,0.015378367026237214,0.025898995091511324,0.20437067523625946
2024-12-02,3.6558372434824875,0.6662695949969005,4.3381579336440375,-0.005085893577292711,0.007068241639292762,-0.005424262944371081,0.2164660781758303
2024-12-03,3.6392253638937486,0.665023828580708,4.359548737577856,-0.004543933026108946,-0.0018697632693240316,0.004930849512859953,0.36516716916243364
2024-12-04,3.6279510769989085,0.6653474554504648,4.397609497699528,-0.003097990854508981,0.00048663950951574787,0.008730435742947646,0.36982074687632194
2024-12-05,3.646743444862413,0.6725649379827998,4.354599469901823,0.005179884586274548,0.010847689388769979,-0.009780319926133726,0.42475004107701253
