trade_date,gate_bull,gate_bear,alpha_proxy,gate_bull_smooth,gate_bear_smooth
2025-09-15,0.6012000000000001,0.3988,0.46812121212121216,0.6012000000000001,0.39879999999999993
2025-09-16,0.6477999999999999,0.3522,0.5331239669421488,0.6167333333333334,0.38326666666666664
2025-09-17,0.6512,0.3488,0.5371900826446281,0.6282222222222222,0.37177777777777776
2025-09-18,0.6541,0.3459,0.5405206611570248,0.6368481481481482,0.36315185185185184
2025-09-19,0.6436,0.3564,0.5442314049586777,0.6390987654320988,0.36090123456790124
2025-09-22,0.6567000000000001,0.3433,0.5594545454545454,0.6449658436213992,0.3550341563786008
2025-09-23,0.6652,0.3348,0.5627603305785124,0.6517105624142662,0.34828943758573383
2025-09-24,0.6701,0.32989999999999997,0.561900826446281,0.6578403749428442,0.3421596250571558
2025-09-25,0.6614000000000001,0.3386,0.5571322314049587,0.6590269166285628,0.34097308337143717
2025-09-26,0.655,0.34500000000000003,0.5725454545454546,0.6576846110857086,0.34231538891429136
2025-09-29,0.6546000000000001,0.34540000000000004,0.5717355371900827,0.6566564073904725,0.3433435926095275
2025-09-30,0.652,0.348,0.5652727272727273,0.6551042715936484,0.34489572840635163
2025-10-09,0.6517000000000001,0.3483,0.5643305785123968,0.6539695143957657,0.34603048560423433
2025-10-10,0.6277,0.37229999999999996,0.5654710743801653,0.6452130095971772,0.3547869904028228
2025-10-13,0.6413,0.3587,0.5733388429752067,0.6439086730647848,0.35609132693521517
2025-10-14,0.616,0.384,0.5596363636363637,0.63460578204319,0.36539421795681004
2025-10-15,0.6037,0.3963,0.5507438016528925,0.62430385469546,0.37569614530454
2025-10-16,0.5858,0.4142,0.5253884297520661,0.61146923646364,0.38853076353635996
2025-10-17,0.5814,0.41859999999999997,0.5277024793388431,0.6014461576424267,0.3985538423575733
2025-10-20,0.5616,0.4384,0.5133388429752066,0.5881641050949512,0.4118358949050488
2025-10-21,0.5938,0.4062,0.5312231404958678,0.5900427367299675,0.40995726327003246
2025-10-22,0.5854,0.41459999999999997,0.5310909090909091,0.5884951578199784,0.4115048421800216
2025-10-23,0.5849,0.41509999999999997,0.5323801652892561,0.5872967718799856,0.41270322812001436
2025-10-24,0.6334,0.3666,0.5400826446280992,0.6026645145866572,0.39733548541334285
2025-10-27,0.6582000000000001,0.3418,0.5544793388429753,0.6211763430577715,0.3788236569422285
2025-10-28,0.6516,0.3484,0.5436776859504133,0.6313175620385143,0.3686824379614857
2025-10-29,0.6397,0.36029999999999995,0.5347851239669421,0.6341117080256763,0.3658882919743237
2025-10-30,0.6311,0.3689,0.5413140495867769,0.6331078053504509,0.36689219464954914
2025-10-31,0.6017,0.3983,0.5265867768595041,0.6226385369003006,0.3773614630996994
2025-11-03,0.5932999999999999,0.4067,0.5316611570247934,0.6128590246002004,0.38714097539979964
2025-11-04,0.5886,0.4114,0.5340826446280993,0.6047726830668003,0.3952273169331997
2025-11-05,0.5791000000000001,0.42089999999999994,0.5251404958677686,0.5962151220445336,0.40378487795546636
2025-11-06,0.5868,0.41319999999999996,0.5123636363636364,0.5930767480296891,0.4069232519703109
2025-11-07,0.5827,0.4173,0.5181322314049587,0.5896178320197928,0.4103821679802072
2025-11-10,0.5875,0.4125,0.5305289256198347,0.5889118880131953,0.4110881119868047
2025-11-11,0.5868,0.41319999999999996,0.5164462809917356,0.5882079253421302,0.4117920746578698
2025-11-12,0.5839000000000001,0.41609999999999997,0.5250578512396694,0.5867719502280868,0.4132280497719132
2025-11-13,0.5777,0.4223,0.5098264462809918,0.5837479668187245,0.41625203318127546
2025-11-14,0.5711999999999999,0.4288,0.5047768595041322,0.579565311212483,0.420434688787517
2025-11-17,0.5843,0.4157,0.5198347107438017,0.5811435408083221,0.4188564591916779
2025-11-18,0.5917,0.4083,0.5244132231404959,0.5846623605388814,0.41533763946111857
2025-11-19,0.58,0.42000000000000004,0.535206611570248,0.5831082403592543,0.41689175964074565
2025-11-20,0.5879,0.4121,0.5471404958677686,0.5847054935728363,0.4152945064271637
2025-11-21,0.5528000000000001,0.44719999999999993,0.5624297520661157,0.5740703290485576,0.4259296709514424
2025-11-24,0.5675,0.4325,0.5510743801652893,0.5718802193657051,0.4281197806342949
2025-11-25,0.5554,0.4446,0.5196694214876033,0.5663868129104701,0.4336131870895299
2025-11-26,0.589,0.41100000000000003,0.5366333333333333,0.5739245419403134,0.4260754580596866
2025-11-27,0.5815,0.4185,0.5456166666666666,0.5764496946268757,0.4235503053731243
2025-11-28,0.6075,0.39249999999999996,0.53415,0.5867997964179171,0.41320020358208287
2025-12-01,0.6252,0.3748,0.57965,0.5995998642786114,0.40040013572138855
2025-12-02,0.6124,0.3876,0.5748,0.603866576185741,0.396133423814259
2025-12-03,0.6088,0.3912,0.5765,0.605511050790494,0.39448894920950595
2025-12-04,0.618,0.382,0.5709166666666666,0.6096740338603294,0.39032596613967063
2025-12-05,0.6226,0.3774,0.5768833333333333,0.6139826892402196,0.3860173107597804
2025-12-08,0.6324,0.36760000000000004,0.5768333333333333,0.6201217928268131,0.3798782071731869
2025-12-09,0.6227,0.3773,0.5784833333333333,0.6209811952178754,0.3790188047821246
2025-12-10,0.6368,0.3632,0.5684462809917356,0.6262541301452503,0.37374586985474967
2025-12-11,0.6328,0.3672,0.5805785123966942,0.6284360867635003,0.37156391323649973
2025-12-12,0.6537,0.3463,0.5713,0.6368573911756669,0.36314260882433314
2025-12-15,0.6224000000000001,0.3776,0.5667833333333333,0.632038260783778,0.367961739216222
2025-12-16,0.6195999999999999,0.3804,0.5672666666666667,0.627892173855852,0.37210782614414795
2025-12-17,0.6366,0.3634,0.5725333333333333,0.6307947825705681,0.3692052174294319
2025-12-18,0.6252,0.37479999999999997,0.5589999999999999,0.6289298550470455,0.37107014495295454
2025-12-19,0.5979,0.4021,0.5405666666666666,0.6185865700313636,0.38141342996863636
2025-12-22,0.6431,0.3569,0.5531,0.6267577133542425,0.37324228664575754
2025-12-23,0.6571,0.34290000000000004,0.56735,0.6368718089028284,0.36312819109717165
2025-12-24,0.6461,0.3539,0.5546833333333334,0.6399478726018856,0.36005212739811443
